time,gpu_clock,power,util,foreign_tests_cpu_s,foreign_editors
17:47:29,705MHz,24.77W,37%,3723.84375,0,
17:48:00,2640MHz,251.75W,100%,3733.359375,0,
17:48:31,2640MHz,257.68W,100%,3750.5625,0,
17:49:01,2640MHz,255.81W,100%,3771.609375,0,
17:49:32,2640MHz,259.53W,100%,3787.046875,0,
17:50:02,2640MHz,248.37W,100%,3805.984375,0,
17:50:33,2640MHz,189.07W,60%,0,
17:51:03,2640MHz,254.14W,100%,0,
17:51:34,2640MHz,283.56W,100%,0,
17:52:04,2640MHz,283.60W,100%,0,
17:52:35,2640MHz,285.90W,100%,0,
17:53:05,2640MHz,286.27W,100%,0,
17:53:36,2640MHz,286.08W,100%,0,
17:54:06,2640MHz,285.64W,100%,0,
17:54:37,2640MHz,217.41W,47%,0,
17:55:07,2640MHz,283.82W,100%,0,
17:55:38,2640MHz,284.76W,100%,0,
17:56:08,2640MHz,279.89W,100%,0,
17:56:39,2640MHz,284.74W,100%,0,
17:57:09,2640MHz,284.08W,100%,0,
17:57:40,2640MHz,283.50W,100%,0,
17:58:10,2640MHz,206.78W,89%,0,
17:58:41,2640MHz,284.05W,100%,0,
17:59:11,2640MHz,284.26W,100%,0,
17:59:41,2640MHz,283.70W,100%,0,
18:00:12,2640MHz,283.11W,100%,0,
18:00:42,2640MHz,282.89W,100%,0,
18:01:13,2640MHz,282.87W,100%,0,
18:01:43,2640MHz,283.36W,100%,0,
18:02:14,2640MHz,253.42W,100%,0,
18:02:44,2640MHz,250.27W,100%,0,
18:03:15,2655MHz,209.90W,66%,0,
18:03:45,2640MHz,252.88W,100%,0,
18:04:16,2640MHz,251.36W,100%,0,
18:04:46,2640MHz,252.46W,100%,0,
18:05:17,2640MHz,250.98W,100%,0,
18:05:47,2640MHz,281.76W,100%,0,
18:06:18,2640MHz,191.34W,32%,0,
18:06:48,2640MHz,283.89W,100%,0,
18:07:19,2640MHz,284.00W,100%,0,
18:07:49,2640MHz,283.93W,100%,0,
18:08:20,2640MHz,281.19W,100%,0,
18:08:50,2640MHz,285.19W,100%,0,
18:09:21,2640MHz,281.87W,100%,0,
18:09:51,2640MHz,221.50W,100%,0,
18:10:21,2640MHz,282.16W,100%,0,
18:10:52,2640MHz,281.38W,100%,0,
18:11:22,2640MHz,281.02W,100%,0,
18:11:53,2640MHz,280.56W,100%,0,
18:12:23,2640MHz,282.10W,100%,0,
18:12:54,2640MHz,286.19W,100%,0,
18:13:25,2640MHz,228.14W,100%,0,
18:13:55,2640MHz,285.77W,100%,0,
18:14:26,2640MHz,285.61W,100%,0,
18:14:56,2640MHz,281.10W,100%,0,
18:15:27,2640MHz,280.50W,100%,0,
18:15:57,2640MHz,280.52W,100%,0,
18:16:28,2640MHz,260.22W,100%,0,
18:16:58,2640MHz,260.42W,100%,0,
18:17:29,2640MHz,258.82W,99%,0,
18:17:59,2640MHz,258.30W,100%,0,
18:18:29,2640MHz,261.52W,100%,0,
18:19:00,2640MHz,261.32W,100%,0,
18:19:30,2640MHz,259.79W,100%,0,
18:20:01,2640MHz,260.50W,100%,0,
18:20:31,2640MHz,285.35W,100%,0,
18:21:02,2640MHz,285.40W,100%,0,
18:21:32,2640MHz,285.51W,100%,0,
18:22:02,2640MHz,236.15W,100%,0,
18:22:33,2640MHz,288.01W,100%,0,
18:23:03,2640MHz,286.01W,100%,0,
18:23:34,2640MHz,286.88W,100%,0,
18:24:04,2640MHz,285.28W,100%,0,
18:24:35,2640MHz,232.97W,100%,0,
18:25:05,2640MHz,284.66W,100%,0,
18:25:36,2640MHz,285.43W,100%,0,
18:26:06,2640MHz,285.54W,100%,0,
18:26:36,2640MHz,285.29W,100%,0,
18:27:07,2640MHz,285.65W,100%,0,
18:27:37,2640MHz,286.23W,100%,0,
18:28:08,2640MHz,285.56W,100%,0,
18:28:38,2640MHz,285.48W,100%,0,
18:29:09,2640MHz,285.39W,99%,0,
18:29:39,2640MHz,284.96W,100%,0,
18:30:09,2640MHz,284.38W,100%,0,
18:30:40,2640MHz,284.89W,100%,0,
18:31:10,2640MHz,236.86W,100%,0,
18:31:41,2640MHz,228.65W,100%,0,
18:32:11,2640MHz,203.09W,83%,0,
18:32:42,2640MHz,264.40W,100%,0,
18:33:12,2640MHz,265.80W,100%,0,
18:33:42,2640MHz,228.26W,69%,0,
18:34:13,2640MHz,229.81W,100%,0,
18:34:43,2640MHz,264.77W,100%,0,
18:35:14,2640MHz,230.32W,100%,0,
18:35:44,2640MHz,259.57W,100%,0,
18:36:15,2640MHz,263.40W,100%,0,
18:36:45,2640MHz,264.61W,100%,0,
18:37:16,2640MHz,264.56W,100%,0,
18:37:46,2640MHz,265.34W,100%,0,
18:38:16,2640MHz,211.75W,68%,0,
18:38:47,2640MHz,268.71W,100%,0,
18:39:17,2640MHz,285.05W,100%,0,
18:39:48,2640MHz,269.93W,100%,0,
18:40:18,2640MHz,270.70W,100%,0,
18:40:49,2640MHz,270.04W,100%,0,
18:41:19,2640MHz,219.28W,100%,0,
18:41:49,2640MHz,256.30W,100%,0,
18:42:20,2640MHz,256.78W,100%,0,
18:42:50,2640MHz,259.78W,100%,0,
18:43:21,2640MHz,259.82W,100%,0,
18:43:51,2640MHz,259.28W,100%,0,
18:44:22,2640MHz,226.55W,100%,0,
18:44:52,2640MHz,256.90W,100%,0,
18:45:22,2640MHz,260.10W,100%,0,
18:45:53,2640MHz,289.69W,100%,0,
18:46:23,2640MHz,259.66W,100%,0,
18:46:54,2640MHz,231.39W,100%,0,
18:47:25,2640MHz,261.44W,96%,0,
18:47:55,2640MHz,288.03W,78%,0,
18:48:26,2640MHz,264.68W,100%,0,
18:48:56,2640MHz,267.76W,100%,0,
18:49:27,2640MHz,267.19W,100%,0,
18:49:58,945MHz,73.76W,26%,0,
18:50:28,2655MHz,226.45W,100%,0,
18:50:59,2655MHz,151.58W,5%,0,
18:51:33,2655MHz,113.96W,50%,0,
18:52:03,2640MHz,272.50W,100%,0,
18:52:34,2640MHz,214.32W,100%,0,
18:53:05,2640MHz,298.42W,100%,0,
18:53:35,2640MHz,255.86W,63%,0,
18:54:06,2640MHz,295.15W,100%,0,
18:54:37,2640MHz,245.40W,100%,0,
18:55:08,2655MHz,177.79W,40%,0,
18:55:38,2640MHz,205.65W,75%,0,
18:56:09,2640MHz,259.50W,100%,0,
18:56:40,2640MHz,272.92W,100%,0,
18:57:11,2640MHz,274.54W,100%,0,
18:57:42,2640MHz,297.32W,100%,0,
18:58:12,2640MHz,165.64W,69%,0,
18:58:43,2640MHz,246.04W,100%,0,
18:59:13,2640MHz,246.32W,100%,0,
18:59:44,2640MHz,247.80W,100%,0,
19:00:15,2640MHz,144.36W,43%,0,
19:00:45,2640MHz,300.98W,100%,0,
19:01:16,2640MHz,302.53W,100%,0,
19:01:47,2640MHz,298.93W,100%,0,
19:02:18,2640MHz,290.20W,100%,0,
19:02:49,2640MHz,259.82W,100%,0,
